Sequences	Kobs (M-1 s-1)
SGPHY-LMMTA	6688.738
YKPVY-YTASG	12792.142
KYHAW-MTASG	27.918
HKIAL-LTASG	56.119
SGISW-MRHTA	2476.661
VLFGA-LTASG	386.839
TSPGL-LTASG	690.17
MPMGR-LTASG	113.394
VFPQG-MTASG	8321.478
SSPLN-YTASG	12792.139
NSPMS-LTASG	12792.142
EHPGL-LTASG	113.394
PSLAE-LTASG	654.784
RAPLP-VTASG	12792.142
YSTLR-TASGA	1239.686
ATLAA-WTASG	113.394
GRPLN-LSTAS	12792.142
EAIGR-LTASG	517.582
ERPFF-LTASG	12792.142
SRPVY-LTASG	12792.139
GWIAT-LRTAS	1561.441
PSLGQ-LTASG	56.119
LAPRY-WTASG	12792.142
HVVAQ-LTASG	551.253
SGPVS-MRYTA	7015.913
GGIAA-MRTAS	386.839
SGPSG-WTATA	6131.319
VDVSF-LTASG	912.511
HVVAK-MTASG	1981.527
FAPAE-VTASG	3438.54
GVPRA-VTASG	12792.142
ESIRG-LTASG	6688.738
SYPRA-YTASG	12792.142
VLLGN-FTASG	690.17
SGPRN-LAVTA	12792.139
SVPSA-ITASG	12792.142
GRPAG-VKTAS	3079.618
RRPVA-YTASG	12792.142
GVPSK-LTASG	12792.142
VKPSK-LTASG	12792.142
KSISN-WTASG	84.609
NAPNA-LTASG	12792.142
MGLAN-LTASG	951.362
STIAH-YTASG	451.441
RKLAF-LTASG	726.013
GFPRA-FRTAS	7815.03
HAPSL-YTASG	12792.142
TVLGN-LTASG	690.17
SGASN-LRGTA	12792.142
NRPSW-VTASG	12792.142
GMPRA-YRTAS	12792.142
GVLRN-LITAS	6688.738
IAPAK-LTASG	12792.139
GNPAQ-MRTAS	7015.913
AMPKH-LTASG	12792.139
SGPGA-MMFTA	5090.504
LQIGH-LTASG	1870.402
GHIAW-FTASG	1513.131
GGPST-LTASG	4613.142
GAPAK-LRTAS	10866.73
SGPAS-FSVTA	2344.361
CAPTA-LTASG	10866.73
SGVAW-LKHTA	4205.91
GAPAR-FTTAS	1071.285
PCPTG-LTASG	3253.286
SGPRQ-LSTTA	12792.142
MALSS-LTASG	0
TQPSP-FTASG	9740.438
KRLAF-LTASG	912.511
FQIGS-LTASG	1465.646
RVVAN-LTASG	4922.102
LQLAL-YTASG	912.511
WYPSK-LTASG	10866.73
WNPSY-LTASG	8941.322
PKPAR-LTASG	12792.139
KQLAS-LTASG	690.17
SGPRG-MKTTA	7815.03
GEPSA-YRTAS	12792.139
LGPSH-YTASG	12792.139
QMPLQ-ITASG	6131.319
KVLSA-VTASG	12792.142
NIPTR-LTASG	1327.877
RHPSH-FTASG	6688.738
KMPST-LTASG	6396.07
YHPIS-LTASG	12792.142
YASIR-TASGA	2545.252
SGPAS-LLNTA	9740.438
GSHAA-LRTAS	0
EWPSR-MTASG	3964.212
ILLSP-LTASG	1030.732
SGPAS-VRNTA	2837.92
MWVLS-LTASG	8941.322
SSVSN-LTASG	1610.607
PTLQY-LTASG	585.336
FYFSN-LTASG	0
WAINA-LTASG	551.253
FKAVA-LTASG	12792.142
KSPTG-LTASG	8321.478
RGPSS-YTASG	12792.142
IFARS-LTASG	12792.142
SGPRA-VSATA	12792.142
SGPSH-WIGTA	7015.913
QRPMD-LTASG	12792.142
PTPRS-YTASG	12792.142
TPPVE-LTASG	12792.139
PKLAA-ITASG	0
GHPSP-FTASG	0
PQMGS-LTASG	201.585
TPPSS-LTASG	12792.142
SGPSA-LDATA	799.117
GLARA-LKTAS	4335.133
GRPAQ-MKTAS	5667.28
QVPRR-LTASG	10866.73
GVVGA-LRTAS	874.197
FHPSR-FTASG	2916.173
SRPRT-LTASG	12792.139
RAPVA-FTASG	12792.139
WDIRS-LTASG	9740.438
MSLAT-LTASG	0
GRPSF-LKTAS	8321.478
VQLAY-FTASG	1030.732
QRVAA-VTASG	0
IGVRA-LTASG	12792.139
GTPRN-IKTAS	12792.139
SVPST-LTASG	5269.778
LPPLG-FTASG	10866.73
SGPRT-LVVTA	12792.142
GGPAP-MWTAS	5667.28
SGPVA-MTKTA	6396.07
GGSGN-LTVKT	0
VYPGK-MTASG	1239.686
GMPGR-LSTAS	517.582
MFVRK-LTASG	4763.329
GMPLG-LRTAS	12792.139
RDMSY-LTASG	0
TDIGE-ITASG	0
VMPSG-FTASG	12792.139
GYFAN-LTASG	0
SGPQW-MINTA	4613.142
GTPIE-LYTAS	9740.438
SGISA-LRKTA	0
KGPSG-LTASG	10866.73
VGPAF-LTASG	12792.139
SQLGL-LTASG	142.481
RDLGF-LTASG	0
GWPSE-LRTAS	12792.139
SVLSK-LTASG	0
NPPSH-LTASG	12792.139
TMLLA-LTASG	654.784
ATLAA-LTASG	0
GSPLP-FITAS	12792.142
SGPKL-LTASG	12792.142
FEPQR-MTASG	7815.03
HYVRA-HTASG	4205.91
MGPWF-MTASG	9740.438
GVPRY-LRTAS	12792.142
HTVRN-VTASG	3079.618
SGVKW-LMSTA	12792.142
GEPLF-LRTAS	12792.142
GFVFE-LRTAS	9740.438
GRPRS-LLTAS	7815.03
KRVYL-LTASG	2687.733
KIPSA-LTASG	9740.438
LIPAW-LTASG	10866.73
SLPLL-LTASG	12792.139
SGPKL-LYGTA	12792.142
SGPRN-YHGTA	12792.142
SGPKQ-LRVTA	12792.139
AHPSA-LTASG	12792.142
WGTLA-LTASG	4613.142
GSPRN-LRTAS	12792.142
HRPEW-YTASG	4082.433
MSPKG-VTASG	12792.142
GMVRG-VTASG	2761.812
TIPSW-STASG	2476.661
SGWRA-YTGTA	9740.438
RFPLK-VTASG	3438.54
YGPRA-ITASG	12792.142
LVVRA-HTASG	5461.425
SNPFK-YTASG	5461.425
GYPAG-LRTAS	12792.139
SDVRF-LTASG	5889.621
KAPAH-LTASG	12792.142
GRPVN-LTTAS	12792.142
RVPVP-MTASG	9740.438
QPPHA-FTASG	12792.142
SGPSR-LTFTA	12792.142
KHPYK-YTASG	12792.142
SGPRG-VTVTA	12792.142
RTPKG-LTASG	12792.142
SKPWK-LTASG	12792.142
SGVRA-IRQTA	12792.142
RQPRN-VTASG	12792.139
EGPMR-LTASG	12792.142
FLPRM-LTASG	12792.142
SGPSW-IMRTA	12792.142
RLVNW-MTASG	2687.733
GLPAA-LTTAS	12792.142
GDPRW-LSTAS	9740.438
LIPTS-LTASG	12792.142
FDVWM-LTASG	1283.432
GLVWN-LWTAS	8321.478
VEAVA-ITASG	4922.102
KSPRP-YTASG	12792.142
SQPMA-YTASG	12792.142
SGVKG-MYSTA	7815.03
RMWRA-FTASG	4922.102
GMPLL-LRTAS	12792.142
TVPWS-VTASG	12792.139
SCVRM-MTASG	1561.441
IAPEF-LTASG	12792.142
HTVYW-MTASG	6396.07
SGVRD-LYFTA	2916.173
HTVRG-LTASG	12792.142
IGVRQ-LTASG	12792.139
QRVRG-VTASG	619.843
WRPFS-YTASG	12792.142
LKVMN-YTASG	12792.142
SGVLS-LQSTA	7015.913
GVPRG-VRTAS	10866.73
WSPSS-YTASG	3344.369
PTWRG-LTASG	12792.142
GNPLG-IRTAS	12792.142
NGPYN-LTASG	12792.142
TLIRY-LTASG	12792.142
GRATA-LYTAS	1283.432
SGPRW-LMSTA	12792.142
TGPKL-ITASG	6396.07
TSARK-LTASG	1112.438
RLPIN-LTASG	12792.142
SGPRF-LLDTA	7386.833
SGPRS-LKSTA	12792.142
SGAYN-FQATA	12792.142
SGPRL-YIGTA	12792.139
SGVAG-LYSTA	7015.913
SGPKF-LVMTA	12792.142
SGPRD-ILATA	12792.142
SGPFS-NRATA	2687.733
MGPWG-MTASG	12792.142
GSAIP-LWTAS	2038.803
HVPRQ-VTASG	8941.322
GMLRA-MHTAS	3253.286
RMPRQ-VTASG	1981.527
IMHRA-LTASG	9740.438
GFTRW-LTASG	6396.07
SGPYS-WQVTA	4613.142
GMVLG-LHTAS	12792.142
SGVRS-ITWTA	3637.037
SGVWN-LMSTA	12792.139
DSPLS-LTASG	12792.142
WQVRY-LTASG	12792.142
GQPRA-IRTAS	12792.142
KDPKF-LTASG	10866.73
YIPLV-YTASG	1239.686
SGVRW-STSTA	7015.913
HMPLG-LTASG	12792.142
YIPTA-FTASG	9740.438
KFPWN-YTASG	12792.142
WTPRG-NTASG	2409.724
GYPRG-LGTAS	12792.142
GRPSP-FWTAS	3850.818
SGPRF-LIGTA	6131.319
RQPFL-LTASG	12792.142
QRWFA-LTASG	6688.738
RLPKL-LTASG	6688.738
SGPKG-MRMTA	12792.142
TNVFW-YTASG	10866.73
RRPSA-LTASG	10866.73
MSPRK-FTASG	12792.142
VVPNN-LTASG	12792.142
GVPKN-QMTAS	7815.03
GSGRG-LWSET	1373.045
ILVWN-YTASG	12792.142
SGVRA-VYSTA	12792.142
SGVRG-LFTTA	12792.142
SGPVH-MWNTA	1154.21
SSPLA-LTASG	12792.142
VKPSG-VTASG	12792.139
IFPAN-HTASG	5090.504
KFPAS-LTASG	12792.142
FIPMW-STASG	6131.319
NSPSD-LTASG	9740.438
GMPRS-YITAS	12792.142
RLPYP-LTASG	12792.142
SGALN-FYSTA	8941.322
GRPSA-MTTAS	9740.438
ESIRH-LTASG	5667.28
SGPRS-WTNTA	5090.504
SGVRG-MHGTA	5667.28
SGPLK-ITRTA	2837.92
SGPWA-ITGTA	12792.142
FIPFP-FTASG	12792.142
SGPKW-MRHTA	4922.102
FVVRL-LTASG	2615.579
GRLLA-MHTAS	1112.438
SGPRS-HRVTA	3253.286
YGPSL-LTASG	12792.142
TVPYQ-LTASG	12792.142
SGVRW-YSNTA	5667.28
GSGRA-MYGTT	2476.661
SGPSS-LFATA	12792.142
GTPYG-LVTAS	12792.142
HAPRG-STASG	7386.833
NVPVW-MTASG	5461.425
VPPRV-LTASG	2687.733
SGPKS-LVRTA	12792.142
KSPSL-YTASG	5090.504
SGARA-MKWTA	2837.92
SKPNF-LTASG	3741.871
LSVFW-LTASG	12792.142
SGPTN-LRTTA	12792.142
SGPMF-LWTTA	10866.73
YSPMD-YTASG	12792.142
KTVVW-YTASG	3850.818
IGALA-LTASG	12792.142
GWPRE-LKTAS	12792.142
GQPRS-WRTAS	8941.322
QPLSW-VTASG	4922.102
WLPRA-VTASG	12792.142
RAPAS-LTASG	12792.139
SGAFN-LYSTA	12792.142
SLNRA-LTASG	4470.661
TAPKL-LTASG	12792.142
GRPRG-LTTAS	12792.142
WMPLG-MTASG	12792.142
VFTRN-LTASG	6396.07
SGARN-LLWTA	4613.142
DPWRA-LTASG	6396.07
SGPKW-IIQTA	12792.142
REPLT-LTASG	12792.142
GGPRS-LFTAS	12792.142
QSPRM-LTASG	10866.73
GSAVG-LRTAS	5667.28
HYPLN-STASG	8321.478
LVGRA-LTASG	2476.661
SGVRH-LINTA	8321.478
GNPYK-LTASG	8941.322
SGPVN-LISTA	12792.139
GFAWS-LHTAS	2916.173
GAPRS-LVTAS	12792.139
KSPVF-LTASG	6688.738
GYARL-LRTAS	690.17
GRPRS-LTASG	10866.73
HAPLN-FTASG	10866.73
GIPRP-VMTAS	6131.319
SGPRG-QVFTA	8941.322
SGVWN-LIMTA	6688.738
VMLRF-LTASG	8321.478
SGVRH-VRATA	12792.142
GIPYH-LATAS	7015.913
GVARP-LSTAS	1610.607
ATPES-LTASG	6131.319
RLANA-LTASG	619.843
KLGRA-LTASG	4763.329
QGPWH-ITASG	12792.139
SQPIH-MTASG	6688.738
IGPQF-LTASG	12792.142
SGPQW-ITGTA	12792.142
SGPRS-MLNTA	5461.425
HRHAH-LTASG	0
GMVQH-LITAS	585.336
ERSLN-LTASG	1239.686
ARIEY-LTASG	654.784
DRPNY-LTASG	1196.619
GAPRS-LQTAS	12792.142
ESFAA-LTASG	56.119
SGPHH-LTLTA	1925.409
AVANS-LTASG	1465.646
VLWRA-LTASG	12792.142
SGPAA-LLGTA	12792.142
SGVRF-LMNTA	9740.438
RLPVA-ITASG	12792.142
SGAHG-LLLTA	1071.285
PRVEA-LTASG	231.616
SGPLG-IRYTA	7815.03
TSPVA-LTASG	12792.142
KKWRG-LTASG	6688.738
WVMES-LTASG	386.839
KTWRN-LTASG	0
TTYMS-LTASG	0
PCHLA-LTASG	619.843
HRWSA-LTASG	619.843
ERFSH-LTASG	231.616
SGPYP-LWKTA	3079.618
ARPEF-LTASG	7015.913
GVYGA-LRTAS	142.481
HRLLS-LTASG	912.511
EVARA-MTASG	5090.504
SGPRS-LYTTA	12792.142
PKWHG-LTASG	619.843
GDPYG-MRTAS	4922.102
VIYGN-LTASG	0
GVYQG-LRTAS	799.117
GYPRN-IGTAS	7386.833
YPFGS-LTASG	355.093
GTLRS-LITAS	1465.646
PTFAH-LTASG	585.336
VRWSW-LTASG	0
VVLMG-LTASG	323.705
ARLGY-LTASG	418.952
HQWAA-LTASG	836.403
ELVRS-LTASG	12792.142
FVVRA-LTASG	12792.142
VDIRM-LTASG	3079.618
GYPWA-WRTAS	4922.102
GFPLM-LTASG	12792.142
SGPLG-LSGTA	12792.142
SGPMA-LSRTA	12792.142
SGPRP-LLATA	12792.139
WPHGS-LTASG	0
VKPWA-LTASG	10866.73
NRVEM-LTASG	0
SGVNH-LMTTA	231.616
VLPEP-LTASG	6396.07
GYPRA-FSTAS	12792.142
FGPYA-MTASG	12792.139
QAPMG-LTASG	9740.438
ERVWA-ITASG	3438.54
GVIRF-LRTAS	9740.438
YDSRG-LTASG	231.616
PYPVP-FTASG	12792.142
YVPTG-LTASG	4763.329
GHVRH-LLTAS	386.839
SGHRS-LRSTA	3536.016
GQARG-LQTAS	1660.658
GFPLM-YATAS	1763.551
GNSWG-LRTAS	690.17
APYNH-LTASG	990.764
GHAYH-LTASG	4763.329
GRMLH-LRTAS	836.403
RQWYG-ITASG	4922.102
AAWAS-ITASG	0
GVVRG-LSTAS	4613.142
RPPLA-FTASG	12792.142
FMPRN-TASGA	12792.142
GPVYN-LRTAS	12792.142
KAVNH-LTASG	0
RTAHN-LTASG	5667.28
VHFAS-LTASG	1030.732
TTPYH-ITASG	12792.142
WHPVS-LTASG	12792.139
GWPNA-FLTAS	231.616
SGPRF-IRLTA	2097.285
GVLRM-LSTAS	951.362
WPMAK-LTASG	451.441
SGAHG-ILSTA	3536.016
GYPWS-LSTAS	7015.913
STIRM-LTASG	2157.024
GAPWG-IHTAS	12792.142
RLPVH-YTASG	12792.142
DLPAG-LTASG	8321.478
ACIWS-LTASG	355.093
GDPYS-LRTAS	12792.142
SGPVH-LLNTA	2280.502
FNPIH-LTASG	10866.73
NSPLS-YTASG	12792.139
SGPTA-LRATA	12792.142
VFPMS-LTASG	12792.142
GSPYG-LLTAS	12792.142
RLPWS-LTASG	12792.142
RIPRF-LTASG	12792.142
SGPRM-LVLTA	6688.738
SGGSG-LRILQ	0
PKMSH-LTASG	0
SGAHG-LLTTA	142.481
TFPFM-LTASG	12792.142
PRVHH-LTASG	2615.579
SGGSG-LWATP	1071.285
SGGSG-LRVLK	355.093
SNLNS-TASGA	4470.661
SGPRA-LKGTA	12792.142
GHYHH-LMTAS	0
SQVRF-LTASG	6688.738
GSPAS-LRTAS	12792.142
SFPNP-LTASG	2545.252
SGVRA-IIATA	12792.142
GQPRG-LRTAS	12792.142
SLVRF-LTASG	12792.142
VRPRP-FTASG	10866.73
RTPIG-ITASG	12792.142
SYALH-LTASG	3964.212
RKPAP-WTASG	3253.286
RAPLH-MTASG	12792.139
SGAMG-LFRTA	619.843
GAAHG-IFTAS	261.974
TFWGA-LTASG	0
YYPRA-LTASG	12792.142
TRIAY-LTASG	3165.095
ARVRH-LTASG	4335.133
YDVYN-LTASG	7815.03
SGGSG-LRIGL	201.585
GGSGA-LRVRG	0
GWPAG-LTTAS	12792.142
GGYAG-LRTAS	0
SGVMG-IRITA	1418.96
GVYAH-LLTAS	171.876
GRVAY-LSTAS	56.119
VIPRP-LTASG	12792.142
ARSYN-LTASG	3964.212
RRPTN-LTASG	12792.142
GRLGN-LWTAS	0
GNVRS-LITAS	2476.661
RVPYG-LTASG	7015.913
HVWMN-LTASG	619.843
RTPMA-MTASG	3637.037
GAPRF-LSTAS	12792.139
SGSHG-LRSTA	1154.21
GSVHH-LITAS	0
GRPAD-LRTAS	12792.142
SKMAH-LTASG	0
SGMAA-LKRTA	0
SGPHG-FFQTA	551.253
SGVSF-LQQTA	0
GNAIH-LQTAS	0
MVPKW-LTASG	10866.73
RTGLY-LTASG	0
RQWRA-LTASG	4470.661
SVGLY-LTASG	0
SGVYW-LRSTA	12792.139
TKMAW-LTASG	1513.131
GFSAN-LKTAS	484.315
DNTFH-LTASG	0
AHYAS-LTASG	0
VQQQG-LTASG	231.616
GSMNS-LRTAS	874.197
RFPRP-ITASG	12792.142
EHAWN-LTASG	2280.502
HTSNW-LTASG	451.441
PHTAS-LTASG	0
GSLAH-LTASG	0
SSVWH-ITASG	836.403
IDTRW-YTASG	2344.361
TVPQM-ITASG	7815.03
FMPSA-QTASG	9740.438
GAPMN-VVTAS	12792.142
SGMGH-LLHTA	0
RQLAA-ITASG	355.093
GSGYH-LRHTT	0
GVVLN-LETAS	1465.646
MSLGY-LTASG	0
GGSGH-LLGMS	690.17
DKLAS-LTASG	0
SGSRA-LTASG	951.362
ELSLA-LTASG	1112.438
TVVAY-ITASG	1112.438
KFWFN-LTASG	0
WDALG-ITASG	2097.285
ERSLA-WTASG	113.394
RLANN-LTASG	484.315
GAFRH-LRTAS	0
SEPFG-LTASG	12792.142
MKWAA-YTASG	585.336
GMPRY-MTASG	12792.139
GTALP-LRTAS	3253.286
RIPAS-LTASG	12792.142
PKGYA-LTASG	3850.818
GTLMG-LYTAS	171.876
AYGSH-LTASG	654.784
GIVRY-LQTAS	3438.54
GCVRF-LQTAS	1071.285
GMVFS-IYTAS	2097.285
GEVRF-LRTAS	2837.92
TATNW-LTASG	0
GVHFH-LITAS	0
DRQLS-LTASG	0
QEPRN-ITASG	12792.142
GRLRN-LVTAS	1925.409
LNPAF-LTASG	8941.322
GEVFS-LTASG	951.362
NHVWP-LTASG	726.013
GLPMH-LTASG	10866.73
LAWAH-ITASG	0
GSGAH-LQLST	292.668
TVTQN-LTASG	0
GSGRN-LRLQT	113.394
PSWRA-LTASG	4470.661
SGQRG-IYATA	3344.369
MSWSA-LTASG	113.394
SEWQG-LTASG	690.17
GFWSS-LRTAS	0
SRAYS-LTASG	8941.322
HRPRS-LTASG	12792.142
RTASH-LTASG	84.609
DAVYG-LTASG	2615.579
KDYLH-LTASG	0
FPGRH-LTASG	484.315
YDISA-LTASG	113.394
GIVGM-LQTAS	323.705
TILRN-ITASG	2837.92
SGPLG-YTVTA	12792.142
GRARW-LMTAS	3079.618
PAYFP-LTASG	0
YDIHF-LTASG	0
GTPMQ-LYTAS	12792.142
MSPRW-LTASG	12792.142
SGTLN-LYNTA	0
FDAQS-LTASG	874.197
SGALH-LKATA	6688.738
APVLA-LTASG	6688.738
HRQQN-LTASG	0
GGSGN-LTMGS	0
GQVDY-LMTAS	0
TQVFG-LTASG	5461.425
SGSLA-LQSTA	619.843
SGWAP-LLRTA	142.481
VKAYN-LTASG	9740.438
QRMAS-LTASG	551.253
GRVYD-LKTAS	2761.812
VFVSN-LTASG	9740.438
AKVMS-LTASG	2218.077
ETMLA-LTASG	0
GKVEY-LVTAS	0
WQYSN-LTASG	323.705
GSVNY-LVTAS	0
HSPWF-LTASG	9740.438
ISVNY-LTASG	323.705
GWAYN-MRTAS	2280.502
SGGSG-LRVKR	231.616
VPWGN-LTASG	0
KWVSM-LTASG	1870.402
SGVYS-LIKTA	836.403
FSQLA-MTASG	0
SMGSH-LTASG	0
GLAWG-LYTAS	2409.724
NTSAW-LTASG	386.839
GLPDF-LTASG	0
EIWLP-ITASG	142.481
TVSYA-LTASG	2687.733
NRFSN-LTASG	0
AHFAH-LTASG	0
ASTLH-LTASG	56.119
TKYAY-ITASG	0
SGPAY-WRTTA	1610.607
WKVSS-LTASG	2218.077
RTMLH-MTASG	261.974
GSTRN-LITAS	990.764
SGPSW-LYTTA	10866.73
YCSLP-LTASG	113.394
HDYFN-LTASG	0
SPPLA-LTASG	10866.73
VSSYW-LTASG	1981.527
GWVSY-LKTAS	0
FDISH-LTASG	171.876
SGPLG-IKSTA	12792.142
SGYMS-LIATA	0
SGVRY-LYGTA	8941.322
MGMWH-LTASG	142.481
YDTQH-LTASG	0
MSLGN-LTASG	292.668
GSPMH-LITAS	9740.438
GLPLN-WRTAS	3964.212
SGHQN-LMATA	1561.441
SGVRF-LKGTA	12792.142
FQFEH-LTASG	113.394
GWWMN-LTASG	836.403
KSPLG-LTASG	10866.73
SGFLH-WRSTA	0
YEPRN-VTASG	10866.73
GSGAA-LTMPT	84.609
VKVFS-MTASG	4470.661
RQLAH-ITASG	27.918
GHARS-LKTAS	1239.686
SGPFY-LRNTA	7815.03
GEFAA-LQTAS	323.705
KMVYM-LTASG	3438.54
RAPSM-LTASG	7815.03
GFFLH-LTTAS	0
SGFAH-LTSTA	171.876
SGYYG-LRATA	12792.142
HGLWS-LTASG	1071.285
GSGWA-LKKVT	0
EQLSF-LTASG	0
YKPAG-LTASG	12792.142
GLLLN-MTASG	517.582
EVARA-WTASG	1513.131
GRGAN-LKTAS	951.362
NTPNW-LTASG	6131.319
TTLRW-WTASG	690.17
VYWGN-MTASG	27.918
RNPEW-MTASG	4763.329
NRLSH-WTASG	912.511
GRASH-LMTAS	726.013
SGFRN-LRITA	201.585
HLAYH-MTASG	6396.07
GEPNY-LKTAS	1239.686
HAHAS-LTASG	142.481
SGPVA-LYKTA	12792.142
TTHYS-LTASG	142.481
SIHLA-LTASG	171.876
VLWAG-LTASG	3344.369
VMYGN-LTASG	619.843
SLVLN-MTASG	4613.142
TSFRM-LTASG	0
YLVRY-LTASG	12792.139
SGYAN-MRRTA	762.325
PRVWL-LTASG	2687.733
RDLSH-LTASG	261.974
SGPSG-MRVTA	6688.738
RFALN-LTASG	9740.438
GVLYH-LQTAS	292.668
LSHAW-LTASG	56.119
NRPAS-WTASG	3253.286
VPPEA-ITASG	12792.142
GIVKH-LQTAS	836.403
SGPFF-LRKTA	5090.504
GKLKH-LQTAS	0
GGPSM-LTASG	12792.139
KMPSF-LTASG	8941.322
SGARS-MRLTA	762.325
GGPIP-LWTAS	12792.142
GDMRH-LSTAS	799.117
QSWYG-MTASG	3741.871
SGPQS-WRTTA	3165.095
RNGLA-LTASG	0
SIAFA-LTASG	12792.142
QRPAQ-LTASG	12792.142
NKVYA-WTASG	1711.628
SGPLG-ITLTA	12792.142
GSGQH-LRKST	0
YSATN-LTASG	484.315
SGRRN-LMNTA	484.315
SGVFW-MRGTA	5461.425
RPPSS-LTASG	9740.438
GLPYA-LYTAS	12792.142
LLYAS-LTASG	990.764
EMYGN-MTASG	451.441
ISWLN-LTASG	386.839
ATIAH-LTASG	1465.646
LTPRY-WTASG	5461.425
GNVAN-LTASG	1327.877
SGPRP-LYHTA	12792.142
RRVLM-MTASG	1660.658
GTPYP-LRTAS	12792.142
ANYSN-ITASG	0
GMARF-LSTAS	912.511
SGPSM-LTATA	7386.833
LLYMG-LTASG	799.117
SGPNY-IRATA	12792.142
GMAWG-LRTAS	7815.03
IPAFN-LTASG	12792.139
TNPIM-LTASG	1071.285
HIWQN-LTASG	0
RKVRN-WTASG	201.585
RSHAS-LTASG	0
TVLNS-LTASG	0
SQPTG-LTASG	12792.142
HWPVG-LTASG	3079.618
SLPTS-LTASG	2097.285
RLLLN-MTASG	1112.438
GSFRG-LRTAS	451.441
EMSWG-LTASG	231.616
DSLAW-LTASG	1561.441
LWYGH-LTASG	0
AHVFA-LTASG	8941.322
PKFSH-MTASG	0
STVFH-MTASG	1763.551
RLYMN-ITASG	0
SGARS-LKGTA	12792.142
GGPFL-LKTAS	8321.478
QHWGG-LTASG	386.839
RQVRY-LTASG	7015.913
PVFQS-LTASG	142.481
VRLNY-LTASG	0
GVYRH-MRTAS	0
GFPQS-LMTAS	12792.139
GAWHN-MRTAS	0
VNARM-LTASG	2218.077
TKWLA-LTASG	3637.037
SGPRW-MKGTA	7815.03
ERIYA-LTASG	7386.833
SLFLH-MTASG	0
SGWSG-MMATA	171.876
ENFLH-LTASG	27.918
AGPQP-LTASG	12792.142
TVPRA-WTASG	8941.322
QVSWA-WTASG	231.616
SGAQM-LRGTA	5461.425
TSLAN-LTASG	0
GEVRG-LRTAS	7386.833
GGYAN-LTTAS	0
AFLSH-WTASG	0
GIFWH-LRTAS	0
TIPFY-MTASG	9740.438
RTPVG-LTASG	8321.478
GRAAW-LQTAS	1465.646
HNANY-LTASG	0
IAFSQ-LTASG	0
EQAWY-LTASG	726.013
GRLAS-LTASG	0
LVGNS-LTASG	0
VMVWN-ITASG	8321.478
SGYRS-LYSTA	2476.661
GSVWA-LTASG	4922.102
FSLRQ-MTASG	690.17
TMGMN-MTASG	517.582
YNWRH-LTASG	619.843
PMVRW-LTASG	12792.139
RGPYM-LTASG	12792.139
NMWAH-LTASG	323.705
RYAQP-LTASG	2409.724
LPYFS-MTASG	1660.658
SGPAW-MKGTA	7386.833
TRLAH-VTASG	0
GCPLS-LYTAS	6688.738
GKLAS-LRTAS	84.609
GTVRS-LITAS	2476.661
WRYSN-LTASG	0
SGYRS-LTLTA	27.918
GSGRH-LIKVT	27.918
VLPRS-WTASG	5889.621
GTPSA-LTTAS	12792.142
FPVLS-LTASG	6396.07
GSVMN-LTASG	2409.724
RGPYH-LTASG	12792.142
RMLAQ-LTASG	113.394
GCPHM-MTASG	1327.877
GEFRS-MRTAS	0
IPLLN-LTASG	1870.402
GKMFH-LITAS	142.481
LLFSQ-LTASG	0
SGASH-MTLTA	0
GNVRN-LITAS	7386.833
PQVWY-LTASG	5889.621
AVLSN-LTASG	261.974
GMPWS-VTASG	6131.319
SGYAS-MVATA	0
MNWES-LTASG	0
GLGLN-LTASG	231.616
SLPRP-LTASG	10866.73
TFARS-LTASG	5889.621
SGLRH-LSNTA	762.325
SGVLG-LIGTA	12792.142
GYPLH-LQTAS	8941.322
AGVRY-LTASG	7815.03
PRLTH-LTASG	27.918
SRYLP-MTASG	0
PIALH-WTASG	12792.142
GSGQH-LRVHT	0
SGWSN-LMRTA	0
GSVWH-VRTAS	0
SGPFH-LSRTA	2280.502
GMAQY-LTASG	762.325
VRVLH-LTASG	8321.478
VVYRG-LTASG	2476.661
FSARS-LTASG	4613.142
AMPLH-MTASG	7386.833
SIVRM-LTASG	4335.133
SGVWG-IYVTA	2761.812
KGPEM-LTASG	5667.28
ELMLS-MTASG	142.481
GLPTA-LRTAS	5667.28
SGLWY-LSATA	484.315
IEAWS-LTASG	7015.913
GKPAS-LDTAS	0
SGSMR-LVLTA	0
GQQMS-LRTAS	0
TGVSW-LTASG	10866.73
RILGY-LTASG	292.668
PRVML-LTASG	1112.438
GYIQS-LFTAS	0
GYFGN-LRTAS	0
GGSGS-LVNLL	0
SGPVM-LRGTA	12792.142
SGLGT-LSKTA	0
SGISY-MRITA	0
GRIYE-LWTAS	1373.045
GGSGS-LVLRL	1030.732
VSLAY-LTASG	113.394
GSGAS-LQMLT	84.609
SQPHL-LTASG	2097.285
GIAHQ-LKTAS	201.585
SGISF-MSVTA	0
GGSGM-LKLQP	0
GTLAA-MSTAS	0
PGPES-LTASG	12792.142
RDVLA-LTASG	3165.095
GISQS-LITAS	0
TTPSW-LTASG	12792.142
SGPYT-LVMTA	8321.478
SGPAR-LISTA	12792.142
GIPFF-MTTAS	3079.618
SGPMR-LVTTA	4205.91
GGVSF-LLTAS	27.918
SGARQ-LVLTA	0
LQSMN-LTASG	1239.686
GISFA-LTTAS	27.918
VRAHS-LTASG	4922.102
GSHSN-LMTAS	56.119
GSGYS-LIALT	142.481
GNPLP-QMTAS	1870.402
SGPFR-LNWTA	1373.045
GRVEL-LYTAS	0
RVTWA-LTASG	1196.619
GSGFS-LRTWT	0
GKVSE-LITAS	142.481
GVLQK-LVTAS	0
QKVLN-MTASG	5269.778
SGPHW-LNATA	10866.73
SGSWS-LILTA	0
GGSGA-LQRLP	0
HRPFG-LTASG	12792.142
GGSGA-LRVQL	0
SGLAK-LTVTA	0
GGSGA-LTMPL	171.876
LQPLT-ITASG	12792.142
GGLGM-MLTAS	0
GQPVP-MLTAS	6131.319
SGPHS-MKLTA	323.705
GALDW-MSTAS	0
GVAGA-LYTAS	0
RSPLM-MTASG	12792.139
TKVLW-LTASG	10866.73
GKVHQ-MLTAS	27.918
GRVHR-LSTAS	0
FMMGN-MTASG	84.609
SGLGM-LATTA	84.609
ISPML-LTASG	12792.142
ERPGW-LTASG	3438.54
HYPSS-LTASG	12792.142
SGFSE-LTLTA	0
WHFGA-LTASG	0
GRIAL-LTTAS	0
GGSGE-LRLSN	0
SGIES-MYVTA	0
GSAHL-LLTAS	0
GGSGR-LLQFL	0
SGPKQ-LTRTA	1465.646
SGPHL-LIRTA	386.839
SGVRA-LISTA	12792.142
GRPLQ-YRTAS	10866.73
SGPLA-STVTA	3741.871
GVPLN-VKTAS	12792.139
SGVAP-LILTA	142.481
SGINM-LTLTA	0
GVVHS-FCTAS	0
GKASN-LYTAS	1030.732
AGLDL-LTASG	0
GRLGC-LKTAS	113.394
GGSGS-LRLFE	0
GGASG-LMTAS	84.609
ISPAT-LTASG	12792.139
GGSGP-LMLPF	517.582
GGSGF-LMSWM	1112.438
SGSFN-LTMTA	418.952
SGIWK-LTATA	386.839
GSGNR-LMRLT	0
RHLAK-LTASG	0
SGLGE-LRGTA	3850.818
GHPWL-QRTAS	56.119
SGPSN-MLRTA	3964.212
SGPLS-QSTTA	7815.03
WSVQL-LTASG	355.093
GYYGE-LLTAS	27.918
EKVML-MTASG	27.918
GHLAS-QRTAS	0
GGSGA-LQVPT	56.119
MVPHM-LTASG	12792.139
GGSGR-LVLRV	0
SGPSD-LHATA	12792.142
IMMAY-LTASG	113.394
SGAQA-LTLTA	113.394
GVLGH-LSTAS	0
GRAQN-LLTAS	1071.285
GSGLE-LRVNT	231.616
GTIFR-LTASG	619.843
SGLLN-MYITA	0
GTMMS-LMTAS	0
SGLAS-LRLTA	0
QRMDL-LTASG	0
QHLAA-LTASG	484.315
GSGMR-LVLRT	0
SGIQT-MKVTA	0
TALGY-LTASG	323.705
PVVWW-QTASG	5461.425
SGVNS-LRRTA	0
GNAMR-MVTAS	56.119
HLPTA-LTASG	8941.322
GSALA-LTTAS	1196.619
GGSGN-LIYWN	142.481
SGAMN-LTLTA	0
GTVWA-LTTAS	2218.077
SGAVA-LRLTA	3438.54
SGANS-LVATA	27.918
GGSGM-LLMKQ	0
SGTWP-LSGTA	8941.322
SGVNL-LLMTA	0
VTVIA-LTASG	951.362
SGLWT-LMATA	0
GSPVQ-LTTAS	1327.877
GTIAY-LNTAS	0
GTPLG-QITAS	5461.425
GQHMR-LITAS	836.403
ATASF-LTASG	27.918
SGVFN-LAFTA	201.585
GVPSW-LSTAS	12792.142
RVLSR-LTASG	0
GGSGF-LVRSL	10866.73
VSISF-LTASG	654.784
GGSGA-LIAND	0
MKPVN-LTASG	12792.142
GFAIS-MVTAS	84.609
GIAMN-ILTAS	990.764
SGMSS-LKFTA	0
GTLLD-LITAS	0
GGSGQ-LLLRN	0
SGLYG-LTLTA	201.585
GSGFQ-LRVFT	84.609
RDLWK-LTASG	56.119
GRASA-LNTAS	0
GTIAH-LHTAS	0
TPVGW-MTASG	5269.778
HVLQN-LTASG	201.585
EPIYN-LTASG	2761.812
GVLMR-LNTAS	0
AVTYA-LTASG	2837.92
GVLHS-LRTAS	0
KAALP-LTASG	3964.212
TSVLA-LTASG	4335.133
GAPSS-LRTAS	12792.142
SGPAP-LVLTA	6688.738
GVMMQ-LVTAS	0
RPAQD-LTASG	231.616
SGPLT-LNSTA	10866.73
NRIGN-FTASG	0
GPVMR-MSTAS	0
SGLQN-LMLTA	113.394
QSPVQ-LTASG	4205.91
FTPLN-MTASG	10866.73
SGMLS-LVITA	0
GKVNN-LVTAS	201.585
VRTMA-LTASG	1030.732
TAPIN-LTASG	12792.142
APVYA-LTASG	12792.142
GTIDL-LTTAS	201.585
GVAKP-LWTAS	2280.502
GWMHE-LKTAS	0
SYMFS-LTASG	113.394
GGSGR-LVVRL	0
GQVFR-LITAS	323.705
GISMY-LTASG	0
GGSGR-LNMRL	0
FAAYS-LTASG	12792.142
RGMQN-LTASG	690.17
GPMQR-LMTAS	0
GSGAK-LIVRT	0
IVNAR-LTASG	56.119
YAPGS-MTASG	3741.871
SGYAG-LRQTA	0
SGAYS-LRVTA	5090.504
RNLAS-LTASG	142.481
GSGNF-LRKMT	484.315
EQLAN-MTASG	386.839
SGALA-LLDTA	619.843
ELPNF-LTASG	231.616
GVLFH-LSTAS	0
SWGLA-LTASG	690.17
MVPSA-LTASG	8941.322
MFHLN-ITASG	690.17
RKALN-LTASG	5667.28
SGPWG-LLETA	12792.142
VDHAH-LTASG	0
PGIAN-LTASG	2218.077
TLTHH-LTASG	0
EVSQH-LTASG	551.253
GCLMA-LTTAS	2837.92
SGGSG-LRMWI	1239.686
RRPAS-MTASG	7015.913
DILRH-LTASG	2409.724
TMAHP-LTASG	4470.661
SGPMS-LRMTA	12792.139
SKVLF-LTASG	3079.618
SGAYH-LQQTA	762.325
CCAMG-LTASG	4470.661
SGVLS-LRYTA	2837.92
GQPFA-LSTAS	12792.142
SMPRM-LTASG	10866.73
PGVRF-LTASG	7815.03
PDVFA-LTASG	6688.738
SAVRA-LTASG	7815.03
RTYSH-LTASG	0
HLVAW-LTASG	10866.73
SGPLG-IFYTA	12792.142
VVAVS-LTASG	9740.438
SGARN-LMATA	12792.142
SGVRM-LRRTA	2157.024
SLYRA-LTASG	5667.28
GKTWA-LTASG	912.511
GRALA-MQTAS	2218.077
VPPMP-LTASG	12792.142
SSPLY-LTASG	12792.142
GQAWA-LGTAS	355.093
SVARN-LTASG	4205.91
LVVAA-LTASG	12792.142
RTPLM-LTASG	12792.142
SGVWG-IRYTA	1925.409
SGYMH-IKVTA	0
RYPWA-LTASG	12792.139
ELYAS-LTASG	0
VHVHA-LTASG	2476.661
SGIYG-LRNTA	2157.024
YQTMA-LTASG	585.336
SGPLA-VRTTA	12792.142
MAYQS-LTASG	726.013
ESAQM-ITASG	0
FIARA-LTASG	12792.139
VFALN-LTASG	12792.142
RVIRH-LTASG	7815.03
YFARQ-LTASG	3438.54
GSPVW-LRTAS	9740.438
EHNLP-LTASG	0
NFGRP-LTASG	726.013
SGPIP-IRKTA	12792.142
LPTRW-LTASG	4082.433
WVANM-ITASG	1513.131
DRIRH-LTASG	3964.212
WLAQA-LTASG	7815.03
SGPSS-LLGTA	12792.142
GLPQA-LLTAS	12792.142
FHIAH-LTASG	3850.818
SGPLS-LRSTA	12792.142
SGAFS-LMRTA	451.441
DVAFH-LTASG	1283.432
AIYRS-MTASG	2916.173
GLAVG-LRTAS	4922.102
YRVAF-LTASG	5090.504
VIVAA-LTASG	10866.73
SGALG-LLETA	171.876
GVGHN-LRTAS	231.616
IEYLN-YTASG	355.093
SGWAS-MRLTA	142.481
QAAFH-LTASG	3253.286
SGAWN-MRVTA	3079.618
GYGLH-LRTAS	261.974
HHPAA-LTASG	12792.139
SGNLA-LKQTA	0
TVLRS-LTASG	3536.016
RYPVN-MTASG	5090.504
GRPMN-LRTAS	12792.139
NRPSA-LTASG	12792.142
GMVLN-LTASG	7015.913
SIPNA-LTASG	9740.438
GQVRA-LRTAS	12792.142
SGYLP-LLYTA	12792.142
SGPLS-ILNTA	12792.142
IFINF-LTASG	323.705
VHAVW-LTASG	12792.139
NKTAW-LTASG	799.117
PSPRA-ITASG	12792.142
VWGRA-LTASG	8321.478
GMYLN-LKTAS	0
RDVLW-LTASG	6688.738
GTVRH-LSTAS	1925.409
SGPMH-LRSTA	10866.73
VTPLY-LTASG	12792.142
GSPLS-WRTAS	6396.07
STVRN-LTASG	4470.661
RRTAW-LTASG	1373.045
GRVAH-LRTAS	1112.438
VDILH-LTASG	551.253
RVPRG-LTASG	12792.139
VQLRS-LTASG	7015.913
SGYAH-MRVTA	0
GRPHP-LSTAS	8941.322
GKPLP-WTASG	5889.621
QVPVF-LTASG	8321.478
LPALN-MTASG	4335.133
GSGQG-LKVRT	231.616
IGYAW-MTASG	201.585
GRVWH-LQTAS	1327.877
SGPYN-LRGTA	12792.139
IQLAW-LTASG	5090.504
SSYAH-LTASG	0
VFYQS-LTASG	0
SGALH-LRETA	201.585
SGPMG-MRNTA	5889.621
GVPQW-IHTAS	5889.621
PMARY-LTASG	3637.037
NFPMS-LTASG	12792.142
QKYSN-LTASG	0
TRPQH-LTASG	7815.03
SGAFH-ILGTA	5667.28
SGYRF-MTLTA	0
HGPMS-LTASG	10866.73
GSGAW-LKKIT	0
QRANS-ITASG	0
KRAAS-LTASG	1283.432
ANAMN-LTASG	2761.812
GRHQS-LRTAS	0
YLPRA-ITASG	12792.139
YATWS-MTASG	27.918
GKVRN-LTTAS	8321.478
SRVRN-LTASG	4470.661
GRVLH-LRTAS	2280.502
SDIRW-LTASG	4335.133
EVTMW-LTASG	951.362
SGPAG-MHSTA	7015.913
GAPAF-LKTAS	10866.73
GSGQG-LRMGT	0
VKAQH-LTASG	2476.661
HWPRF-LTASG	10866.73
SGVAS-LMGTA	8941.322
SKIRF-LTASG	9740.438
TAVRS-LTASG	5889.621
SGVRF-MRQTA	1513.131
GLAYS-LQTAS	2476.661
RGPVF-LTASG	10866.73
HLFQW-LTASG	0
CCSLA-LTASG	386.839
SGPMA-LKSTA	8321.478
GSGLA-LKMGT	0
KMPRW-ITASG	9740.438
VNVRN-LTASG	5269.778
DYARA-MTASG	3438.54
MVVRH-LTASG	12792.139
KSPRM-LTASG	12792.142
ARAQH-ITASG	912.511
LGWSS-LTASG	0
NTFLH-LTASG	0
SLPAH-ITASG	5461.425
PYAEN-LTASG	551.253
WLYAH-YTASG	113.394
GGHQW-LRTAS	0
ERLLH-LTASG	231.616
VMHQN-LTASG	171.876
SRPLN-LTASG	7386.833
MDLLS-LTASG	0
SGPAA-LQSTA	6688.738
CLLAS-LTASG	0
SGVFS-LKLTA	551.253
TTALW-LTASG	4922.102
AMAHS-LTASG	2996.693
SGPMS-LLDTA	8941.322
GFHRS-IRTAS	0
NDLAH-ITASG	0
KVLAS-LTASG	0
TLPHS-LTASG	9740.438
YTMLH-LTASG	0
GDVRH-IFTAS	261.974
SRVLP-LTASG	1711.628
FMYSH-LTASG	0
SGWLN-LRSTA	726.013
GQPRN-LSTAS	12792.139
GHAHH-LYTAS	201.585
DAPYF-LTASG	8321.478
SGGRN-LTATA	7815.03
SGHMH-MRSTA	0
SRPRM-LTASG	8321.478
YNVNY-LTASG	201.585
SGPVS-LRMTA	12792.142
ERIWA-LTASG	3344.369
SGARG-IKLTA	0
GKFAT-LVTAS	0
SGVKF-LFNTA	113.394
GGSGR-LTLKW	0
RHMLG-LTASG	726.013
VEAHA-LTASG	2837.92
ELAWH-LTASG	1373.045
VKVWG-LTASG	8321.478
GGSGA-LTSRF	0
GNADL-IMTAS	0
GGSGA-YTMVA	551.253
GSGMA-LTHIT	84.609
GEVWR-LHTAS	0
GEAWH-LFTAS	355.093
GAAWG-LNTAS	836.403
SGVHR-LSYTA	0
GWVGH-LSTAS	386.839
SGSAR-LTLTA	0
GGSGN-LTFLA	0
GGSGA-LHRPG	0
SGAGR-LRATA	517.582
KSPAY-LTASG	10866.73
TGSWP-LTASG	113.394
SGSYP-LTRTA	0
SPAHG-LTASG	1239.686
TRMAL-LTASG	84.609
GGSGA-LREKV	292.668
SGVMK-LQKTA	0
SGALD-LKRTA	0
KWPER-LTASG	1925.409
QRVLP-LTASG	2038.803
GKPNR-LVTAS	1239.686
RNVNF-LTASG	484.315
GQPAH-LSTAS	2761.812
TMPYL-LTASG	7815.03
GWGDR-LTTAS	292.668
EAVGN-LTASG	585.336
SGVGA-LNKTA	56.119
GFAKH-LLTAS	201.585
YYASH-LTASG	1373.045
GSGSD-LKSKT	355.093
GGSGQ-LLATK	0
GGSGN-LVRVR	0
SGVNS-LFTTA	0
ESPSF-LTASG	3741.871
GGSGR-LKWNL	690.17
RRVLA-LTASG	12792.142
FRVEP-LTASG	261.974
YSALP-MTASG	3964.212
GGSGR-LVMTY	261.974
GVSAR-LVTAS	0
GSPLD-LKTAS	8941.322
GPAGH-LSTAS	951.362
ARVGV-LTASG	0
PSPRY-LTASG	10866.73
VSVDQ-LTASG	0
SPALD-MTASG	231.616
GGSGR-LMYER	0
SGVMY-LQVTA	654.784
VAISR-LTASG	113.394
GSGWD-LKRST	0
GRAWG-LITAS	1981.527
GGSGQ-LRREY	355.093
SGLAR-LSMTA	0
GAPDQ-LSTAS	323.705
SGVGM-LYNTA	0
SGANY-IRATA	418.952
GGSGF-LVAKA	0
YFPLD-MTASG	7815.03
GTPSK-LYTAS	2038.803
GVPFM-ILTAS	4922.102
GSGFA-LVAKT	323.705
GRAWM-MVTAS	27.918
RRPLR-ITASG	12792.142
DLPHC-LTASG	355.093
FTVHM-LTASG	1513.131
NSHMA-LTASG	619.843
SGVNR-ISLTA	0
SGPSR-ILMTA	1513.131
SGVYR-LELTA	0
GGSGS-LTFNT	0
GSGWR-LTVGT	27.918
VYSAY-LTASG	142.481
GGSGQ-LFNVG	762.325
SGPQA-VVKTA	517.582
GQPNF-LTASG	1283.432
GTLAQ-ISTAS	517.582
RWPAW-LTASG	8941.322
GKPQN-LRTAS	12792.142
PTLWR-ITASG	0
GGSGS-LSVWK	0
TWAKM-LTASG	292.668
KAPLK-LTASG	12792.142
GPAQD-LYTAS	0
GVINQ-LRTAS	355.093
SGVMR-LVVTA	171.876
NSPQL-LTASG	2097.285
SGPRS-LSQTA	8941.322
GSGNS-LKRRT	0
YKAFT-MTASG	386.839
SGVWP-LVKTA	0
YSPSL-ITASG	2476.661
GGSGP-LRARL	0
TTSAS-LTASG	171.876
WNSLN-LTASG	451.441
GRASR-LVTAS	0
GGSGS-LNQRL	0
KPVSA-LTASG	551.253
GSGHR-LMMGT	0
GGSGP-LHQTK	2218.077
RAGFQ-LTASG	0
TVSLP-LTASG	355.093
GGSGR-LRLAI	0
SGTWR-LMLTA	27.918
TTSLR-LTASG	84.609
RVPKL-LTASG	4922.102
GCAQE-LTTAS	27.918
GEIAS-LSTAS	84.609
RGVWK-LTASG	1071.285
SIPLP-L	22406
KSPQS-Y	66111
PRG-VKG	62083
PHG-LAT	12464
DSPQN-L	37231
KSPSR-L	139944
GQPMN-L	90583
KSPQA-M	108917
DGPVS-F	9531
IRPKH-F	97139
PAPNS-L	48950
NVARP-M	26975
MSPAN-I	94667
PVA-IPM	12406
TQPKA-M	106000
PQPEG-L	48388
PEPAA-L	89417
QQPSR-L	94278
RRPRP-L	38164
GEPFE-L	15486
PHN-ILS	51667
QPPLP-L	18733
LPKP-LR	45936
QGPAA-I	72278
PKG-YQG	85722
PLQ-LQT	24897
PGPIG-I	38461
PHG-YKG	54247
PEG-LQG	19894
QSPIN-L	61139
PTPKA-L	69111
QPLE-IR	45139
KPVN-MT	84500
GPHG-YK	22103
IPLA-SL	3731
MGPLG-Q	72997
VHPSA-V	33911
EPKP-LL	18853
PRP-FHH	23903
PQPSE-L	45533
DRKPK-A	0
VSA-LSS	7044
PVG-MKG	63953
VEPLK-F	48888
TAPSS-Q	45081
QQPQA-L	70113
PMD-IHA	46000
PAQ-LHV	7417
KSPVG-V	18394
PKA-LPY	37311
GEPRG-Q	52250
PLR-QIG	33188
PSN-MEG	50122
NPQN-IR	20328
SRPAE-F	16403
PGPAG-Q	59829
EVPQA-L	43250
GPRG-LK	71027
PRG-FSH	896
APALW-I	33386
NPMP-IR	21177
SPMA-FS	11442
EGPAG-L	55417
ETPRP-W	7953
EPVS-LA	2684
KSPLR-Q	34603
PHPRL-L	75278
ARH-YKS	25158
MRPVG-H	31808
PIQ-LQS	11906
NRPNN-L	46150
GPRY-LM	37750
PAG-VKA	15150
RPED-LR	16486
GPEG-MK	3602
HPVS-MV	8720
GPALS-Y	17492
SPPAA-I	64444
TPAA-MT	21054
PVN-MTD	9422
PQP-LDL	55233
PSPAD-I	18572
RMMRE-L	9019
LSPFG-Q	46081
PQG-LAG	40358
WPSP-FR	11644
GPAG-IR	49833
PRP-QAA	16989
PYE-WHS	25950
INPQG-L	74114
TTPSP-I	40989
GKPVS-M	43719
VPQE-WR	16208
AHN-LSS	9132
PGPIG-W	28656
PYG-IKG	51386
GPARP-Y	26161
GPKG-FR	34014
PMA-LMD	36900
SAAQP-L	11583
